x,y,z,output
-542.0422656724547,-435.1419614707114,-699.6706587069333,102935204.31018476
-478.5446953851168,-472.0991750803853,-417.8159749183719,-10974950.06758872
-454.4768618309268,-447.1265500714616,-419.4505025729806,-4222818.758972416
-603.6597416388058,-471.7222106989333,-391.7350250578624,8422755.661948634
-432.716636429984,-550.8832045014309,-457.7002694921246,-45616028.85883603
-335.19946286707363,-534.8775907250772,-510.9322153799101,-38490898.27974767
-410.3614314445845,-496.1412321179124,-560.6965415298836,-6593641.115213652
-499.5807583997069,-336.87016007977644,-511.4585084064104,70957116.15164618
-519.1110166898941,-251.6621839028062,-506.6610277059629,103655810.80672751
-465.68551788474514,-378.4062506080058,-686.1028085187351,82108204.14682746
-447.1683664830396,-279.5516623442493,-497.3950502572292,64513069.75600917
-486.1280687073953,-179.61520726271223,-418.5749158382753,83234552.76597938
-514.1217787598905,-206.33528262922135,-510.0118980862766,112918610.11871734
-501.4874186246481,-299.55093711488337,-411.8341753357279,58573175.662383616
-455.3831122102421,-145.1198843332387,-523.4118223338875,98951619.00245096
-601.1990276805658,-175.4490753616161,-482.0770427452504,155735721.17576897
-489.6049368419589,4.271590493295614,-532.4631779752995,127629409.17369696
-420.4220986122542,-147.86978421435896,-527.2658953605174,84004018.76481506
-585.8449569173878,-27.347301199963223,-456.62082785463946,156280665.19717774
-473.8484871718294,-48.65295129959392,-467.39985337009085,103824754.25426108
-367.8661239058311,85.4558614791537,-478.9955821962408,62133892.05965243
-491.5504261233125,-5.455482957633492,-409.02998602646585,98815940.6438147
-355.42949956815954,59.14973914583318,-503.9557028967283,62421250.903670326
-439.28199944092063,40.875626337525176,-363.2447627723428,69360900.80712932
-541.7671831085004,133.40697132295531,-362.1582488902337,96655618.23863453
-458.11587728709935,394.3213757626727,-544.8123890954492,43107722.87105421
-562.006860901833,289.2180707805471,-367.4831114158207,69059929.85814673
-518.3774238665195,331.17361144884325,-529.6343052153775,85467221.59414078
-484.53929988318487,413.8281236258632,-426.67554100912207,17195016.707359273
-507.8403541030573,203.5814433205478,-484.0151421991042,103780739.92605266
-692.9606470584267,191.0545639488284,-520.5063736247087,224649932.9755562
-601.1388330556886,179.6064985309138,-518.2650442260622,167892515.33353418
-469.39303525328006,613.0755243870154,-492.55063254442473,-67903223.63387041
-463.6534932361864,443.132560220753,-352.0107630929488,-15372638.328330347
-554.6778874938573,514.5472789277505,-396.08083311624574,-24994685.5032242
-443.3003688457024,400.3264105822692,-484.0084797614725,24071166.78391899
-553.0220729332526,466.1573824471933,-572.8435684390133,55021511.15965024
-573.6240924249257,612.5271925967089,-532.3296854735332,-40057563.79396096
-539.8180948410223,453.4196284324152,-480.2632000976161,28969557.35063629
-415.7864791900481,478.074800883536,-519.3966305050138,-5237836.471027422
-253.2913276499624,-474.2563750665301,-584.3430786662975,-19480654.987246696
-226.60576385678667,-612.4851473391749,-451.8079650424377,-61808028.80934528
-257.9821618884579,-588.9315948709867,-366.2236960643987,-65104698.91751747
-339.01822460274605,-531.7552342229048,-618.7785113900618,-24743732.216798518
-240.29584176076747,-595.7311322901872,-526.5615796447016,-54875165.591596186
-328.7696401091543,-536.6588243631769,-542.0699711528704,-36094482.73253563
-275.4329934801587,-607.1600218442454,-352.1548194749202,-74820886.78132647
-329.3403884274808,-521.0700769656479,-525.9987827014971,-32368028.358885333
-205.1857342823034,-273.8338425058989,-585.3202287918634,9256828.737950312
-226.97661415314445,-206.8941555387414,-578.0005552529117,20061876.71932162
-282.14521528070213,-257.2469133184724,-462.6922546341764,18161809.193561867
-176.39636663889144,-172.72398730176553,-585.0744504262344,12942453.98263558
-329.0329595278135,-198.3758672680376,-525.1160251051672,43902043.63194845
-284.8387127444851,-343.18422656951526,-416.264266686796,225810.0616040721
-147.71640565563953,-215.83908641884972,-481.5286331785781,3625428.520938669
-161.04397891981446,-352.7440026421696,-593.6110015190402,-4643035.468837747
-238.24177709425464,-46.07890748149844,-493.3695522500032,27497383.10022001
-259.1209279505693,-1.379259726388953,-569.528407053185,38239726.234583095
-236.29562753927584,-56.59308838331983,-502.7949195512493,27317065.559147
-202.87704008984696,10.17266216599275,-455.01045087621327,18706823.35080239
-245.43648127204256,86.06455049874427,-448.909282281614,25223901.79809274
-170.16847423971404,-20.89183703901349,-350.6574066195016,10079821.885893844
-155.81979265738994,-154.86899430457387,-526.4502380392471,9044865.61217589
-206.5825310974512,-54.90825612396591,-474.8879580861487,19643651.93411334
-185.4132406811852,202.3162030981057,-398.61915441879535,6114450.913517106
-323.18944301364814,310.9953375785658,-524.2382143438331,23499154.95832339
-341.66646973400253,240.85678102151596,-445.178190608476,32147559.38561848
-285.1966745023976,238.55546711162853,-626.2565754634697,34707745.57620834
-268.38648481454885,188.0858090912105,-496.98477139529126,26303948.625153214
-308.0652386989804,295.8436256660097,-497.53467281880063,20255193.008713234
-245.61726988378055,248.5818168869528,-498.7008062187522,14908135.792613044
-181.8703818099267,309.6504490516562,-433.0294047922391,-3115108.210761324
-259.2898812202648,626.499647521188,-363.803102064088,-77312812.70239115
-242.19936860287643,401.3641361834916,-447.5723896607023,-12761828.543743784
-202.14057479586475,497.1167894357116,-554.6650542360026,-27289945.733065978
-267.5575773697415,822.162883435598,-303.4783864811281,-159130903.2321134
-278.3545519104684,570.440836675926,-419.2577895619274,-58092715.85106871
-245.63651716187573,556.5116024810267,-417.29958247228456,-50896168.31282041
-198.84213533944816,508.3035774249722,-382.1476560514736,-36265916.36686237
-179.2073520355312,571.5759497661941,-592.9414360122721,-39504397.26303325
-94.75762039835386,-460.7707825523944,-456.685443942096,-16017381.662908643
58.80816924193348,-453.6835455797656,-489.5549331075504,13797489.666191429
15.299273573585808,-482.298425405958,-381.2696487799169,3648034.1280765687
42.44855850699211,-393.27944382892497,-464.14118130413135,7401791.002069708
-77.743329753832,-470.1992064499304,-592.5884128522077,-13606442.993587315
-7.433379928538629,-552.7809445814141,-521.7132633401912,-2242566.5901407786
-14.38291606594032,-482.2067718802669,-419.57906687893575,-3257566.585648365
37.909833226799,-533.1229556518167,-405.70922151323145,11357803.253618998
68.30458000278615,-163.28894375514554,-564.5197128784911,4454999.685881951
-13.889754753182103,-340.2318834581848,-406.2694613613282,-1529466.818995273
-83.65321450958457,-200.2605015171669,-491.65106687162825,85654.42370651959
-1.924576423529453,-254.50065001847503,-500.5441300113967,-122801.98040134052
-19.470675021237252,-301.5837732064889,-508.3526144463628,-1578191.7794121443
-65.0534172217709,-367.7493148164385,-469.0429934855635,-6812830.291627522
-42.26950623693134,-204.3539344052291,-502.45421749291137,-867456.3943837723
-9.217954455020962,-169.14563127883045,-434.6121960303857,-226798.66846268368
14.16458469645307,-72.18925809268336,-386.2035616327818,151301.86275023728
-37.04865875245043,-84.86613731970732,-589.9704145668851,542961.2071832276
68.26441613417961,-21.02601950025507,-415.6864949093361,1967291.0077636165
30.62960232811672,-57.15385978555496,-555.9202084032482,621602.7016829028
17.023685811008427,94.51115847968438,-610.9227875113927,329110.702725016
42.33153602403912,4.068287944024048,-609.4680972816557,1092842.4434992312
-35.891396750918865,-13.980681760780426,-427.74151856017306,543997.9924661337
147.56540143798833,62.86745393686958,-641.4931819119411,14552090.61560261
60.423359086765856,251.64036821095044,-550.3259410947809,5835411.202612174
78.95204082112258,284.21990777969046,-520.3543234535049,9621410.941920131
-56.320226844068586,374.0147203699904,-429.6253896229964,-6515710.175002365
-44.68798780823497,256.2711924799555,-489.2633303362513,-1957813.4095672928
-135.7847371017535,204.09949760114537,-458.3863077904717,2795164.033188559
-16.32896503334746,224.04120271527256,-544.494510533849,-674442.2646623438
32.110907876096825,240.23820684169164,-493.0478553439431,2361648.4560494167
59.70837428935879,183.3236201253612,-637.0272305284857,4277711.619922712
67.54149840715485,474.5878156875151,-524.9554306381908,17607384.532671336
24.713727367542678,416.248102176034,-417.6358481575897,4537040.535759362
68.16897916883471,411.163770103104,-424.3208423960749,13496173.911768952
-53.66221176115271,591.4556945222984,-549.7474028160395,-17189035.607899543
-55.47967411240155,434.2319299462914,-567.5913560482606,-8714058.42964822
-63.483027830807565,559.0273475268306,-560.7344863957157,-17579367.800700802
14.263715004182744,522.9038801632147,-465.3480443021291,3994782.426971111
19.04498000635964,534.1437514640545,-483.59661900008194,5609120.522305631
225.30068785649024,-545.8519672039691,-542.4087046870978,94662207.28271542
343.6758976532174,-475.62350387548577,-394.5416338734192,124346121.51447646
419.6736595109752,-472.5566751616716,-551.9259110465941,190925737.9037594
357.2290957912054,-618.074899097663,-376.4742494298291,184510305.5927518
318.1635325927046,-415.9972332212225,-516.3511099234704,107328583.4496833
117.58456658371048,-359.81462471675354,-429.56215936222657,21162452.2008758
180.5128303014297,-469.9939877989316,-624.4851822774411,60223039.939595535
245.7699422372886,-512.7650844837357,-455.3928469109821,92126839.63411067
229.49574779353503,-227.5571485159859,-500.6252963011248,38250889.94995241
115.00863458386247,-146.89140929740134,-577.7676608376809,10123675.95508947
180.0331593572643,-195.24969478591052,-446.1648527495973,21324371.704052616
223.4251992692492,-276.4536423296436,-407.9035357112721,37437695.05065846
174.16834087184745,-428.33271722169184,-564.7623763776461,49086323.870591305
354.4568732312068,-353.3156932761864,-464.7929871010374,102643992.8248203
290.19363343803866,-239.22804332327576,-517.233451211646,60165239.84210725
234.3036960045074,-302.0530732577335,-475.8597745358618,47500801.43747841
186.15080482054051,18.184992311471927,-451.2305411967623,15697654.860194389
158.95679498723354,-81.2932547423471,-513.8005744368927,14032814.861493727
309.02961503659617,14.280375303292328,-540.8330251206486,51712196.98930372
287.0074386738908,78.0249236009957,-414.38116537198687,35881200.9446538
279.0622727907564,-14.355897433189323,-476.8191652246664,37190163.4873051
343.263873581321,43.841965695865895,-518.7702380307684,61786535.878219925
279.60277587621766,-91.18440829111348,-668.7732280275465,54607945.25702309
371.6580347203328,71.31765574280533,-582.514175559629,82352835.37907112
260.4186839864636,285.2941625952695,-540.1049048062935,57824970.83040379
240.21415570972013,167.1600689349838,-490.10374181512526,34992559.38652467
295.81145458610524,285.8288053152371,-499.0801194105971,67838950.34773219
248.68741242023617,176.8218014137039,-426.9141583945369,34178137.25276032
317.6670964880686,178.16326961210083,-436.58010698981775,54139776.29895528
296.90963767874223,286.57306197928847,-518.37621311138,70081070.38941854
286.2906039671301,217.1473752353766,-476.14495057208745,52525395.85590716
200.855045561774,178.82871528709688,-442.13127126214914,24260076.996021178
332.9364167080808,414.6253964562435,-458.2821670141278,108035550.62098344
120.30985998029172,582.5040234386153,-488.3588043257311,47891182.57707123
269.3664209614869,505.9571968216112,-551.1114542340083,108943526.4397198
340.9544671069461,539.815666139212,-442.4454576815945,150788718.5476433
263.42964178753164,559.1564777512272,-559.1691743790458,121166492.60527714
111.31979703521732,526.4560133229787,-582.5432525728206,38071875.0056583
323.6394997819062,604.4098658428089,-489.0766295687333,169456283.30581164
263.1635693207233,533.6984780578194,-450.0645877129271,106127201.20794612
527.2606282328213,-537.3412894438144,-525.236969308638,298256803.8896675
608.563419091325,-508.54499385744543,-488.733323539694,338387571.0931736
362.43185332689,-501.3860171239926,-486.382499425978,155000668.52162176
506.4448245636232,-524.7409139288552,-465.0349595677753,258726239.41106465
484.5544518808574,-602.9005811387908,-525.1389840580084,299429233.14414567
555.1855006047533,-608.0008524846879,-367.29585644656,318444615.52048373
454.118824452781,-394.7154345583773,-607.3346971501715,195998771.3559193
475.48891484318233,-557.7834490723582,-456.8477409985283,251223813.403481
485.63007499576855,-146.48806499638724,-467.4064969389496,120652560.80578098
654.7318248029015,-199.0410491089553,-412.4145094313541,202730012.2681642
480.7113632445305,-189.34511419780316,-445.1615012085845,120103698.0506766
586.5117332033116,-259.82622666536264,-443.908918088802,192298110.4397773
649.6276790578601,-270.0156789719676,-489.87345674113294,254097854.32817212
485.4987353488342,-111.34153829971824,-444.00507624589903,110674700.11539312
511.6813826195997,-213.31576898646236,-602.394510819985,181000981.76505643
410.8496720457809,-284.8457924782448,-537.0657070223515,123990484.80802152
486.17030310101165,-62.25970033322324,-552.5530222192343,132486823.84529027
451.6489986738271,-161.6805828979912,-662.400322158298,146927314.65649667
690.8767801426748,-44.07516325184572,-439.6747865463872,211203602.4012086
490.4960464867239,-57.34527681532183,-379.2244695704904,92849225.9838818
658.6536853560924,-111.04552007969806,-477.00108616601113,215056771.6950576
582.8877193549359,97.219964249349,-489.075070948276,171676506.0193573
530.1479241823735,64.71801357234578,-649.3787423708029,184732808.1730137
574.0001055747456,-54.61640997906605,-528.4469684750935,175822872.42868453
491.7766510572409,281.5998399135328,-591.2058629459979,181976888.96652487
593.4338271968023,230.78653341726005,-569.5302214678031,232175598.2546668
607.5882885700638,238.15060199784085,-474.8741637320178,209766022.57129872
416.8726131048619,255.66025845752276,-461.5971950635855,107465339.32341352
578.7379305857173,274.98480773628,-613.7778605097926,249339499.1587382
552.8704642031167,183.25184210161203,-471.53581334442384,162698422.58844805
542.9835197047032,302.5921113530854,-532.1088853728559,206598898.69584045
378.96048294064224,287.97184387328105,-348.26824926195616,81441520.80673148
515.1182824439514,512.2382781356374,-317.13283751775145,219311081.33987015
498.7511223599028,523.3850969681936,-485.6541829333567,257431652.919042
510.1084330624168,527.0590923256333,-549.8496529183702,284780393.4921612
659.2221994181718,590.9095496898025,-683.5205157461962,527223497.3392722
422.5797497468581,501.8784974313566,-539.2555539113478,202737073.32661644
430.2397220330347,422.337739628616,-414.0972616442078,153393478.64211467
486.2600057445583,732.7255713871373,-660.236118880955,417178593.9256128
417.30232430791625,633.2014385421988,-428.3093934470657,241901213.4467872
-592.2132929688141,-505.9589536950325,-180.74103501988765,-88214445.37117594
-544.8720564309251,-422.6139743706125,-193.44225989897865,-39885337.04619527
-541.0919452536828,-415.1505887397788,-343.0320515253688,7175890.399845615
-444.67036687142064,-554.4218248145687,-225.92966423138716,-92010895.90516818
-487.2622631775006,-633.5847990778672,-224.8251243862653,-142222547.19186172
-558.4953218950966,-507.5008537593932,-198.8215130071256,-81828629.94042927
-518.5869788882686,-618.9056398800525,-202.7885272056513,-144105313.357038
-503.93230963896633,-423.8552796045772,-184.0700623394471,-43788918.9794569
-458.7773429722771,-374.80471137723225,-209.9607019968932,-20256560.53696449
-535.6011922644938,-314.0320939597389,-224.2552279996793,11512860.852411116
-503.5822535516548,-342.13540488083737,-215.1396297964336,-4389291.21847695
-693.1326653963611,-235.37015973908413,-221.5955246439543,68062844.4668584
-495.96240401974825,-301.9839971386546,-250.8923774865103,16485221.019780252
-472.0384294900206,-178.6716932242273,-306.8607118168903,53305635.65252045
-498.1244563842844,-219.79373243754569,-258.2319606283336,40010536.91889382
-431.2523307081245,-253.65092638350973,-257.88665320896604,20215137.469443653
-444.9130467801806,6.401985534417368,-266.55422916706743,52745540.100702144
-487.7049642451718,-1.9372688713664232,-280.63778073637803,66749586.71495272
-672.4610839605812,-25.17664281991853,-215.03461280704735,96813244.10469006
-734.9682426524424,112.72916650683013,-200.93747010183003,99202187.401303
-372.3148704640834,-136.2274016924418,-257.1954847175488,28742633.08629862
-297.28220410895835,37.60017442519728,-243.1620277145267,21069570.18316352
-509.356192497301,-65.55980609540185,-275.068718733752,69175596.78321165
-466.7231177791801,70.79430530305412,-198.4582339142167,40891111.382795945
-359.2952202558317,195.67018472355232,-149.53974518636676,5548270.751459992
-374.83754152243534,246.1174722120274,-171.18296917820848,1346413.8861923506
-528.2670334232239,276.3510364038236,-252.4109644508754,30095634.980558183
-516.3489129216237,249.16352453193744,-196.68212060164183,20382427.884269
-630.0568227744986,175.50567650847677,-262.9761196378397,84986887.95702031
-493.8608440827701,248.15058905361303,-214.85053558245136,21990414.403135844
-365.9567845192587,278.91641265316326,-248.61703393959655,4826503.353267106
-503.55086754893136,321.8677460405313,-174.23337759773702,-7988067.841728869
-443.14268272987647,391.5905965766511,-303.0992302675627,-8431671.011966666
-558.0084282210609,487.56016003261794,-339.47152741440595,-26944517.429301266
-535.6628974002468,593.8183856821136,-165.16356432504247,-141494434.04555523
-497.1506636487833,378.0638053047395,-274.7252080054624,-3158110.4996689274
-584.0809856367596,560.5747016767402,-269.94939099277565,-91450546.92055812
-491.8589456480752,487.6310692857883,-239.0085397273715,-59134022.74173389
-293.6956068933401,480.1190181594886,-229.90447696457483,-47870133.26330049
-559.0165001764917,562.3612187057112,-287.4048384994443,-86975193.32340467
-243.2477338889533,-472.5397616537118,-285.6955505840542,-37411265.876665495
-259.54144354409965,-534.6662410101084,-312.588048438072,-53138109.19826674
-147.66128468156074,-436.7581643805829,-268.9618103145114,-22303121.90002082
-261.7146784120321,-519.3694477860923,-316.9789423188503,-48884790.02591407
-242.76493022230636,-497.57757615311937,-378.50711350149686,-37797332.31562373
-245.4470791922778,-446.8688355233833,-206.33446893748044,-36583289.14389654
-249.80868524615963,-686.9766817448201,-252.6838457135177,-102125373.28297006
-249.23460717086093,-588.6858495196282,-289.82130432842985,-68369421.99340469
-270.62521342794577,-148.44788399325515,-203.99651254222167,8976591.080087202
-150.54754293788503,-185.06198229410717,-346.3916074728191,2694871.5214940896
-311.5203909918017,-227.48026766960228,-185.2266541844193,1854981.6445444908
-246.10223130018665,-174.0153326051879,-206.7617803786011,5070493.470015128
-315.24844525351057,-269.55848305899667,-194.27211996267368,-3599441.244557375
-153.3742510876898,-335.35731321480665,-213.7053074366048,-12222031.548255969
-229.50187057313437,-322.4258683277343,-358.78374213478213,-4961119.031210871
-177.0456703211752,-358.2400845810552,-243.055459995076,-15102711.22257335
-206.12400119491133,-61.563695535605845,-203.34326807788037,7858238.4297686275
-319.24790389902785,-50.41704096915066,-297.2306275862144,29482025.79266928
-231.08925912753628,74.63252834031488,-239.0444881479388,11478342.07554548
-171.54670130296694,-42.47733235181737,-287.3236213790096,8145911.50983212
-252.93871447963076,53.41383513899374,-205.67563021120912,12437070.400158826
-306.2683226850299,-41.54217125737285,-289.3312729100614,26610812.73240767
-289.2272181456028,47.7327950461698,-201.18334107545,16170485.1269278
-232.0294783926145,11.66522099216249,-237.62171681827243,12761427.663107011
-291.973099087867,244.420316745928,-154.84999267295126,-4242152.755815732
-288.66236904943,233.550695623654,-320.9106551102682,10994832.848631024
-210.27822962644748,237.60648267428004,-138.43114083459545,-5750643.889147536
-250.0155374762218,419.00662277102026,-299.2682111795402,-25187777.09823826
-167.79353286814293,236.5977423484022,-197.29250229998308,-3838123.609710777
-187.18560313018665,294.3681090020584,-174.75676341595397,-10096909.974903492
-255.5650839952403,147.75744583258938,-323.6970681222656,15562228.391592909
-160.8990416847294,356.15131534483913,-194.575061189874,-15371782.517060325
-226.51372667855404,599.7981823193447,-311.4182423574404,-65511700.44350518
-267.1165175458394,436.7804380744983,-144.31864313406655,-40662414.96321452
-200.87893153796875,382.6753854050804,-233.9613135347783,-19975913.55785868
-197.60117206739665,561.1373651444029,-217.984208180258,-53708237.1275649
-228.79253868751687,523.5297446308795,-166.3892001629279,-53998422.116152674
-194.85073158371927,551.8524194163163,-305.203029780313,-47752470.004970826
-198.60955053644057,378.167103566375,-198.7866893616024,-20561932.18566073
-447.6380624220461,559.3600875719478,-345.1530678392423,-70896941.86742438
-60.00740304325207,-727.4839589394539,-293.4715750162322,-30701134.20892976
21.04373120785772,-403.19410262029913,-153.84121948136533,3489111.168288692
-111.24346975943484,-484.91599462829737,-296.79853926105045,-22485266.790121328
-72.829843109626,-596.4694118957281,-258.00384619271733,-24542592.29031591
-11.727491087858876,-591.7276736615921,-215.0376307002574,-4076707.957752056
-9.177349443032092,-591.8198276374712,-319.0264255772914,-3187503.595201159
2.5164103384399903,-530.0978807093065,-314.1144966364052,709109.9106189797
9.235777808682965,-464.9857993761685,-172.8055159763629,2011624.344470328
-23.885952492220223,-367.50291607136296,-257.10616463170135,-3079309.412886761
-35.625335802048404,-259.27758196923565,-196.73059947750724,-2145224.836948972
98.86904305384355,-415.4175793552464,-158.59330830772154,18612268.82899272
54.97932549370773,-190.457915427595,-288.7224126942592,2867060.8886140464
-43.30156539241912,-283.05762943068135,-329.69519629577206,-2851204.7147727865
-116.89777966110393,-274.905676954849,-331.7083221598656,-4301506.837334595
19.670914227305165,-265.53526497182617,-197.61190229349765,1463440.9875347728
-14.605616396063713,-193.7472247168072,-335.9008378195426,-476609.7451661833
60.58101494462922,-92.36993099189694,-158.09776154020014,1097117.815594041
25.023933345623597,52.88225290075969,-203.247741630898,197253.32169835363
-89.30998853780476,7.34823690075628,-228.3605398509952,1816643.7893684064
-51.45006680729042,-43.94595313190889,-164.2950527742292,335544.1551172724
20.11525283159325,-50.87454986963911,-320.50799137908814,181747.68051755757
158.02099234248212,30.289517907652403,-347.20239463328346,8814841.077885073
-119.32870452197872,-70.8523963709629,-219.8649005002864,2531693.558257747
3.216432655662836,-20.14849500024968,-268.22437605790327,4080.664799700129
128.57154754899102,349.04971210371684,-268.91462395649245,20109936.384602167
50.96377068696183,347.9677191911782,-212.15302238148968,6721797.804785529
33.318958890276136,195.32088269927144,-128.57024839311552,1413859.1930731407
-9.773171179908983,227.21353598884,-275.1810128476939,-478265.8249736437
-32.96447693641189,244.5761925999454,-168.50181132611544,-1788749.464368964
18.177662497329003,200.5635637354883,-225.65828483000985,805773.7271519694
61.40346710983657,134.49488011766553,-169.1252512450549,1748386.898356088
-68.49010906804972,226.74604665713295,-258.3359569871337,-2309507.809870435
-6.10711185210851,528.7455191161629,-221.10033548694983,-1699130.0650597916
-55.894792802408574,666.5159032309806,-359.3670320695644,-23708151.06148327
-74.31225689805902,451.7058590916352,-164.48521123078234,-14254199.411709497
55.61938859557248,486.5206015786069,-254.93557085730487,13953884.413636329
-69.66847995897598,371.1702265317119,-224.38966579653493,-8508921.374081513
81.91738252499289,640.3667328352361,-205.79773411755784,34972821.38483316
33.414765872518714,546.6324467215884,-250.87541118040377,10264681.053913089
79.79809187347844,544.7957232592435,-406.1529282733848,26270538.0480668
263.6042902161458,-485.2062811827726,-329.7456019484066,84972181.47068742
232.50350244060337,-522.5431843734915,-136.2556190196124,70851091.87148453
298.85280147666657,-531.2059307608527,-241.38858531891051,105889344.07042503
287.8292576440698,-613.2663065615561,-204.40893295105792,125185703.98093767
284.0424360795935,-627.9042534501434,-301.6617998189937,136325742.34937766
237.70453758497044,-451.35315348193706,-202.6181186062563,59873711.93375528
295.9322357078463,-492.35950772789056,-213.3776585576425,90426004.66982909
276.9796103317444,-508.92412916305256,-214.65426339166996,88206545.4748055
236.94014413088996,-240.06593353404867,-238.04737903173404,27019382.313072994
121.3125043138652,-202.7169144177915,-289.1092193982926,9239974.419106271
243.0623435605279,-230.3903669660865,-237.6497621500743,26941863.629732165
252.55414051427869,-245.28818009906055,-363.3042412489722,38368096.13450641
203.37244862666952,-218.5919976974066,-254.3950672195496,20239505.911511213
173.06675716135445,-77.22188769128097,-272.91510107611845,9206416.222536324
302.6454487017959,-196.6333597678633,-172.68902262747315,27519013.37650128
314.7395037008196,-310.653224977756,-231.53564893978933,53310212.45315598
254.0958083011745,-101.73075591839812,-231.60543944547797,17583205.86677416
260.5368627232869,44.99265579620428,-159.62659622667056,11362781.645395497
219.23610343008545,-23.145860185214502,-224.43705325536624,10904899.294536771
261.9678660249508,-81.79384237479287,-369.8534320058891,27134617.655211374
299.94355696078304,4.696123409414157,-229.3594293523965,20641196.76821993
275.0488925819326,15.13859324333955,-197.9946813079339,15041707.356649766
317.7744557699895,-36.706721767576205,-171.14648193678377,17710639.232124906
186.82551780353592,22.16690148207633,-151.59468181593883,5383027.238825479
233.52478962366644,264.9550417156472,-348.9515168374043,35423376.193100505
237.52255999109192,196.7838153112413,-258.785344730531,23797676.950922467
270.5539906856679,269.98028131615087,-207.5826000056701,34915439.70970942
156.72493738417944,276.12104514115885,-167.39222969493989,16060759.11389371
185.0755732312995,349.77326768055457,-244.56289694978025,31019398.47055577
170.9821068166979,192.3393987498308,-252.68945520545225,13712734.174894543
267.2352506459843,293.1805521468157,-310.7975991886469,45165672.96269664
268.96382296875794,348.55020163476456,-168.7554129738069,44883699.5247078
297.60764266730206,500.4594752914661,-125.1574066089006,85623947.1119586
188.93177359715168,452.54808463775856,-293.17117006552417,49157991.5472032
185.237764902638,480.5855889076408,-225.87688330665335,50533498.90465351
325.62404014696534,642.2391271555559,-208.49496751264533,156417438.08409834
315.4826749992704,529.2881440231778,-415.0814809236898,129693967.1913857
163.9369974690503,562.419075028017,-139.9469009596967,55616887.20799232
86.06881706952525,488.7548605739355,-311.16626649110617,22865302.451446176
207.414988943162,444.45009694683415,-140.849441883984,47031384.79726006
502.87642694553466,-413.7130864075955,-332.31557402553017,170109108.39694598
421.993457081361,-569.080298935544,-276.7365026863335,185944403.34706223
510.0375255490304,-542.1580495774558,-311.6034225668164,230978036.5565453
472.2175425289627,-486.12785250738006,-261.9439747111744,170005317.73466793
395.8124559661725,-485.5452745101357,-333.3164778300405,145534313.6607988
579.2675557115123,-522.8909456065184,-201.79055118266697,226091405.78974092
505.2770937890237,-409.88877385962616,-268.71818505276536,153496082.2810504
419.9769980980065,-559.0877064385397,-171.31831457077465,161493257.37087926
450.07341265983325,-128.08245499679296,-322.1704453070938,72644309.40232323
620.0223226412427,-237.5832889070504,-205.59723528011,114034936.16778924
479.3851616145114,-235.8274970243748,-220.97968606929277,77444189.12149498
594.6755808955113,-329.10943660044035,-183.50381026570776,129305221.21615247
650.4472646856284,-170.90102681382757,-246.3872985825812,123239661.26921928
414.6858773132204,-332.77374060774736,-126.64591927020244,67700221.56034033
626.2418801529644,-268.14043434219394,-205.1057366350637,125464488.884277
515.1482414882486,-317.3902147450432,-249.4005270224977,118079596.69295202
454.4402648392936,-58.15852120082995,-205.91221051731736,44061261.61158959
462.2368728429056,44.73060460896479,-177.59478532500083,38870277.62907656
431.085061043324,59.32339875257415,-239.54235743534088,46032296.31315456
446.7957113777564,-57.45086440458634,-185.4679151319688,38498988.41405626
501.9846328910058,-8.221506542503223,-201.3483301325411,50771408.89755153
458.9840397093191,49.11308554360949,-304.8998194087867,65339244.872305766
514.480848850283,32.56331642092144,-261.82467279089747,69848054.97040176
581.4529483999531,-24.579632628214146,-231.1959766572049,78515766.64338961
506.8968604635298,282.55604298678713,-246.3150961021136,103758880.95773049
468.896929153151,445.8587074971588,-112.750708368086,118001873.51312572
525.6095348378142,164.8255749067912,-442.3942863224781,136497708.38862517
548.583940974155,126.78303191008088,-297.6816225937357,98403503.29119626
455.2705894707649,268.4109180959896,-249.26646886157332,84465493.40094769
408.81080194953904,307.990394649366,-279.88246892264897,85554722.62757058
314.1213278831969,243.22948848629045,-241.9986927394824,42462146.70819677
473.3088179732577,251.81643236750736,-165.79382771144304,67154567.86641754
475.7974814799638,630.1134290539858,-200.51956312644185,234306296.7978412
882.099094758115,740.0295955609886,-189.0204996696228,630152728.6810764
483.7444571664877,651.5420368057685,-336.84504668675453,284177592.0990422
584.9351679213853,503.5990072642174,-223.5335839738623,224828380.38830683
537.7579211695116,382.2215618765215,-193.14736326005445,134417887.62130794
391.49396257385615,477.91747666040686,-201.75516315095496,120341737.37316932
467.478152334656,501.2840854323221,-381.6106673254711,200866192.1550789
433.0314888536416,477.1065562241468,-260.05240373788536,147335302.96479183
-403.4649592382334,-588.7456573471483,38.52922040048673,-146121548.41273218
-481.4742408077732,-603.4354973523986,-33.48998913240699,-167557769.85119763
-606.708327505167,-483.3079815377905,38.97505199865186,-156065459.95560437
-426.4763503776432,-447.0555147373651,-39.270886422389374,-78092310.03922997
-555.0705015871841,-606.406864710589,37.92796578323985,-215801409.0092913
-490.11410518374817,-606.1071676184313,25.00302809571243,-186057232.04028997
-461.3137572347698,-470.4515683602844,-28.224710772824025,-96093607.37136768
-511.8710813628682,-449.12969241609767,-148.0013811243013,-64475206.47256145
-530.0932215409996,-201.08922991883628,125.45173756909406,-56687105.887080245
-476.7898316839885,-218.53554116880017,-18.126325369404835,-18649794.04730915
-566.406735181,-313.1947969031893,-23.08937349755944,-48151938.165685765
-400.80195068477485,-289.58778813663395,40.56539520277458,-40128201.73416652
-373.2203840367976,-239.39297300980056,-115.17618536274573,-5345596.5948611535
-461.9153624063822,-250.1368666078919,97.67934606040411,-49742761.266293965
-499.15536709441744,-227.71832571008352,-31.16463514887021,-18119160.57810267
-447.9382330507594,-175.73453504366762,54.13760768188078,-24696147.78728408
-602.3985838243111,40.40403260455427,53.11625888767024,-20258450.584093265
-544.1253175068442,-44.67968176562359,-75.14415113267853,21161883.11227783
-422.11847970973344,-33.25015841870765,-77.6155873152587,13363173.894465191
-565.0228931228254,35.963593095288374,95.14922994069914,-31107263.713476934
-538.1095421977349,6.096643434523134,64.57281145127756,-18717825.63033085
-569.344833900635,45.55319300407596,44.1977919355253,-15508314.508761674
-667.3517968838465,97.0639668731884,54.20925638308906,-30429946.113854885
-580.9204276967716,26.729641472342315,41.93428154010939,-14566553.330220329
-503.67063903221066,265.5713188846753,-42.22645177950313,-24810766.047719143
-487.4381476855717,280.46898548710755,20.41237591482747,-43193172.54304299
-597.7473728745573,230.8888064664681,-57.46401738931109,-11333694.047523856
-392.7478775000974,252.0408124074761,96.11682081497244,-39775246.04037112
-414.3037942034142,352.794515499148,-32.93730437821507,-45912284.786783576
-482.4403564552183,266.59571633154707,7.692688314189957,-36079079.73787626
-657.5857021916241,293.36148705405,10.301856928443744,-61047176.44427245
-414.66698935019946,246.8869738987997,55.52183548972439,-34822178.867690645
-555.3982146235455,554.4616256408428,11.12921691859201,-174177790.59854645
-523.4015358654015,498.43501051011776,-10.90460732872247,-127045239.79516308
-524.409166619383,482.3731499751672,13.31272166519659,-125682611.59129034
-450.4580191447629,568.8777517677319,15.971986150461728,-149018992.86768064
-624.3499008878538,515.0925976633216,-70.2520316661706,-138267614.53785238
-381.6407989863492,513.8003297261833,0.928366772795186,-100884868.20599604
-388.7298379780866,503.3438693131326,-88.61681169018152,-85095702.84493442
-569.825626890556,501.63024209069147,19.99477310977841,-149879202.63351068
-220.02048678366427,-478.19019988772607,-66.29792309401017,-47101758.31367273
-145.9118196954966,-408.86471293510334,-66.74489503009494,-22971114.33849768
-338.4604284577339,-556.2741184701559,-3.1196937626025587,-104376119.8604938
-135.89170167245524,-549.593643681116,57.36427670899669,-42105840.26145803
-257.2768779456527,-479.77513762461183,19.190893028006137,-60491339.83225582
-321.38065940858576,-446.4984812669916,-5.324871148683706,-63520753.39794877
-180.6305201174307,-517.156288742147,23.536930111139466,-49077694.341773406
-245.5280069429905,-456.97492991380966,-25.404433249416016,-49741171.96905435
-314.0006087994373,-278.16993292724936,-58.05351049646784,-18573033.5760188
-279.2968129510978,-262.28531838366416,-32.3350974100647,-16691475.480646277
-219.760073589106,-314.75018790381904,-7.906159417311599,-21389296.84581156
-317.7634653197225,-240.3264611587144,-13.75093488228656,-16964521.64953539
-272.5656479961227,-251.1079029155204,-14.726153538854028,-16092639.822121434
-208.93443635673236,-258.7181144993333,-39.228236679421634,-12272585.882007215
-280.161176896739,-150.86439112400618,61.46397762704641,-11200811.566679437
-268.5382890267471,-331.17187398134007,-55.56006583985013,-25445293.302493397
-219.9706738390907,-36.95949686335705,2.093281723585348,-401768.7138433805
-332.5872372918826,128.63916036672856,26.98819178505781,-8488943.959472127
-298.6384651300911,134.30580798057443,10.696048172211922,-6340782.052994945
-313.1839529097899,40.37277012323665,-97.43916235369072,9046763.60679976
-141.277504283329,50.51696074207958,125.10848754419725,-2857617.0469585466
-251.39177690780636,23.877963918608195,-33.48480790163826,1972834.28509694
-141.03180207029328,-11.30495929961333,-16.11580948061409,302518.8451822733
-291.1553661441633,53.79315835157259,-4.46181631119356,-464282.7594597898
-235.0452713560036,238.0567257146072,-5.139013961228359,-13036340.404354408
-282.39609264607293,176.19512308095395,52.0904458453479,-12920993.68764063
-255.76149914993957,189.6460973312748,-18.25668355739912,-8004384.878186173
-284.4745038445249,185.35208907146423,53.85813514552701,-14131744.063797724
-241.10464254912029,268.8685238560273,16.171481601860226,-18369594.53752527
-273.3603429472878,303.9019333150931,-4.393236861703834,-24918284.61891029
-228.76028779108023,244.4905411798381,64.30676606530521,-17039543.843007013
-148.55462361661986,241.331851665298,-25.33655979130054,-8092839.849011531
-118.95952477394266,457.2868027812258,-65.46612887967747,-23949335.99633508
-244.39561401167376,360.2798338922876,-0.6916973840076391,-31681617.13627568
-270.7983582231351,516.0415454942038,-128.5051946222569,-62689787.69217733
-290.4297665487905,578.9091313952426,-5.51724182987947,-96868030.6708851
-299.24991630414524,609.8862422618084,-5.047517084666792,-110857358.6923296
-294.6658488728815,433.9093942973585,-104.5161039134,-46403988.4268544
-189.2755749010613,540.0529506807993,60.755839545221576,-57380174.94330579
-347.8757468612205,429.7767840399565,3.197175088085255,-64642376.97078134
50.6437343363377,-534.153812798122,21.504617242267237,14394530.54048019
-4.941613884468703,-434.3303465941376,-90.55040963618268,-929988.890109805
-29.577845185348203,-443.9337528104823,-41.51506694421086,-5792798.8632273255
89.19533519588971,-409.5222767911705,137.30652065216103,13866431.207344493
-48.72124707342924,-462.6051604102303,-43.24321962998254,-10323870.114453709
-56.53322664807102,-337.7435334680195,42.38119034480477,-6584234.947030126
28.40096438870853,-528.0844436992639,7.262972784237823,7914408.836935188
4.920043562693971,-495.6463487027654,-32.80288122885621,1209478.0821972066
-3.564474549099617,-180.79705166144828,62.92550431927618,-117313.58193751272
97.7514973485679,-218.2501684616172,18.85141205673573,4476078.440315785
-28.500668050537943,-221.1991450842028,-17.288908044940946,-1380467.4147989976
-17.810375156832666,-148.9356933448673,-59.90779426972616,-376063.5414144929
-44.99716060354552,-165.2329042424822,9.903881507552258,-1248561.3406476078
-9.234762392605283,-273.9124634708681,34.35995753346336,-695796.3518484627
73.52074107932232,-303.34372575819503,72.89899058206969,6371147.719011793
32.80628310828507,-239.7940288364252,-53.15253574499464,1943605.3095336964
-29.381630850285465,48.59513463031436,-6.097347811098254,-64120.67503256092
-23.89506895003724,-100.55799050725408,71.97115898521545,-282718.4076601291
-14.836699862133871,-101.31605508563612,-17.355975676514923,-148477.35255877647
0.3099661039219492,-16.505789115758443,-10.337228210459822,85.37154208223414
125.10560825521516,8.472725077836126,66.44536334453396,-1030982.936941911
20.376003482871187,-48.56012128681335,125.86352980029184,-4207.8648865579
45.722396859335696,37.7806335694458,-20.61353840651361,108356.41775048176
20.791322551249685,-21.78460282792769,-46.55211259674132,29990.416172459714
57.15571779115454,276.9689727843815,93.30829835713308,4079701.3843175047
3.6581253187573,147.60250865610956,-22.593597776537923,80000.05933758774
40.9497638663678,250.2506364269701,4.20729762363718,2557439.4102872037
48.77848525820777,292.6772802498008,56.09364812170955,4044898.585740638
65.04428303647511,297.29300675996353,29.93006396975492,5622190.61247663
-61.09392205886339,199.32926731635573,-63.554674785089695,-2190177.5899422886
73.45727810123311,335.8620100166195,-47.19271274446353,8540873.074931962
-40.51711034383115,380.04938911547566,-25.36906846042101,-5810544.881067578
-14.43838707619876,584.9665912572989,-42.26267990039981,-4931802.338342099
-92.08837120560628,552.5381406352109,-84.43844145234229,-27398371.495715685
-76.9560902925304,475.4570555838015,-15.308045782870549,-17305990.514123224
-37.24171902391045,622.7413238214485,-48.94989680888696,-14374699.355279982
38.97196160650787,497.45435030409504,38.58373306183667,9585432.46356508
46.630695018630405,479.9878228754483,-35.10709525446166,10819504.701000262
160.02197978208358,563.654072973599,45.12955907854589,49684295.185487
27.376529507826632,543.8642322294726,38.50152387817935,8068801.221300605
216.7126423244582,-575.2875872539653,53.97397762949083,69187453.91070363
216.9683669674023,-673.3667342192509,87.21869704498663,94272551.68335624
391.7143416761573,-459.863299319191,-10.999865265336394,84525318.9703373
242.57316869740745,-480.4239713426732,82.60373451781902,51127084.2907957
279.4920063710002,-399.6716088569722,38.014221243710736,41675814.48703077
264.0028306744602,-404.9153453838048,-113.2341133886851,51177097.35195536
228.50550648107017,-408.1987514008959,4.1595067470037215,37857821.28978431
287.3531468242154,-406.6624636883293,-18.09503163423689,49014982.51348474
128.15528035163632,-217.804875498329,-11.463439022797797,6267826.655794226
141.2013767319562,-417.2556045244447,13.271259125115042,24318875.90587344
316.98118218096005,-235.79767914076183,-22.83659546591111,19918880.935230102
221.7690990044239,-300.7043787155664,7.191937750534042,19699344.069095187
217.08240425546933,-253.35591990259192,-39.77524097231458,15808749.796027198
208.22584393793448,-346.43345892758646,-1.753019785527822,25066469.854160216
104.2285996826376,-167.11331787619164,11.66738052825956,2784027.776860428
270.9349371333804,-248.66148800087305,-3.3664322121277284,16999709.65747777
170.18070811134794,-53.11201632466679,107.9325355363559,-2645824.8650342645
314.4821180097943,64.23798171733664,2.512085160050972,1049273.449758076
348.7070908856976,-58.01546929064555,-77.39248854252486,10584342.741994403
207.59896485406205,-51.446665446010456,-30.41022714788204,1860064.114910344
239.89893435658877,-37.92114896504064,34.06827269866734,-1615702.216778824
165.84824855352417,71.97161678214553,-36.61348004957334,1866156.9249658356
240.66422801936363,79.75971133161714,6.79561170552434,1137415.467739569
315.79767246138584,30.663863158065155,47.305587675783705,-4420763.807327694
247.3527567598468,83.24324671024249,15.99991842078038,735086.4180633583
137.39397434574394,281.5909777077113,25.194676418240075,10418843.705932625
178.89158989048434,284.6586943854548,-8.502891248660687,14767799.201036137
212.90074719117004,209.3880729628083,16.769731454369172,8574168.170220014
214.72046908214352,339.4717962853716,38.62360082136822,22963886.605293363
279.26735413220786,280.5749976668511,-58.777065498839896,26568615.053023368
326.1609608239738,235.4653730204524,-7.009700084204464,18829347.99988381
193.2144485859876,137.85591919066562,36.08505086315301,2324775.7561754887
106.64079512287115,569.1823898736311,-7.436990411685533,34632843.7004708
117.54607234563048,428.32130349902593,38.10463216128235,21038406.473441616
180.89981785724788,528.2780109796603,-14.771688473413748,50968497.03909366
249.9294876756112,552.2151078572793,85.99249677793023,70842379.57996312
345.9590192632705,410.9838062069338,-51.2507760980811,64569223.04657813
239.35224040604672,556.8450240947806,41.78119546527382,71823852.84046014
216.93579637102167,598.226960215604,12.29153163372496,77057552.19722714
264.8656555843965,434.4141692986208,2.0366880804825698,49841418.37671702
399.2653580967613,-478.3773156393459,-78.90312608227073,103947993.7063836
499.0914961312205,-377.3530126281129,15.120731106821864,67301823.33995934
423.2998841447484,-458.9661143011237,-14.425019946263395,91752791.07207803
533.5310797531134,-408.0322949967321,123.15013058033054,53772426.87385689
600.8855142802631,-544.0999252388573,-70.4431025501142,203323415.2539651
422.2865606895323,-535.6435271204814,58.50389659015483,110727159.00304866
612.7908775924756,-591.9170687740435,49.06999039192083,196274573.46821332
393.8214727501688,-478.0764147697989,150.48054194826534,66671844.63378417
426.2050166496972,-197.01810007259104,87.57338460099736,635862.0610694735
420.0076647671145,-140.04030001982085,-55.99391291296601,18114576.98697372
492.1977694940332,-210.8686536635753,-47.13400057287976,33304482.83316454
502.6161413543033,-185.5194166081525,57.99097774213134,2648913.921001984
403.5768054164362,-234.26673109718013,-66.83941698362909,33035077.95218605
569.8260775255407,-110.15454073822052,44.04048110701904,-7385738.980569609
508.0389367907719,-340.25091042043084,-118.12598252725203,89304750.94944124
504.451890115893,-224.1111231497051,54.74153648872311,11406325.096666044
424.72401748433134,92.64553749158364,-95.51374100102598,20875259.94082779
495.71503148048697,-17.16849024037384,48.73373681334191,-11829390.876185944
467.7485397421428,-110.7031667861973,-24.630455290444885,11121212.903866967
440.9796362441146,9.526644462862375,40.43102992429056,-7822319.008675657
510.4256044957808,92.73190882460834,-6.377924958086216,6050923.555631776
588.9148511989858,-33.44235844570151,-5.8881160744693615,2700757.7650171253
535.6766766974956,48.061057702662566,13.582260738480215,-2660081.9514982835
577.8403004523901,12.31220998005339,40.46375113966714,-13423227.64025219
686.7060124685454,285.81888515369747,-10.232944016733644,60924186.074181765
519.8780329868796,205.47921103502136,6.802312921783934,20111654.922555026
410.0711689798063,192.75129945684392,-73.18938574309794,27542807.46592676
530.3519116909512,224.547497190496,-9.708572592215214,29471941.450627405
601.9810587254142,274.81106045774766,-42.49268374234395,60860832.618449725
401.6939892218519,269.49188586105845,27.4898962747158,24737661.770712856
459.62525159786514,233.01392642438992,61.55820089098506,11951077.609440116
521.0359417111559,260.4088611878957,-24.893757964334107,42091012.00961983
417.1736923631877,506.8999989355593,4.479316892375072,106412229.8238837
437.35716119695576,568.2334032174638,-63.70845842847118,153404140.05084285
438.6265679757134,572.764851593817,-49.00176595373378,153323255.3552798
461.4970305218275,575.4252242112354,96.55398010683552,132244195.496673
471.66574412524704,517.670432366772,-13.448679803215123,129390157.22229102
466.2457972201384,474.4141658029566,83.19369037162052,86852310.15385166
423.55348737950703,612.1937757279776,-57.74444941551154,169099105.4898171
484.65042611370274,471.59344120871816,-36.19192284823173,116287413.20685564
-479.90167137229326,-343.3444108352227,205.44679688806508,-103888943.81434076
-600.9943312157675,-473.8112686580996,285.7389414038164,-238128739.93383652
-541.1232174090064,-415.6256742756754,363.2514507593152,-199841400.9808971
-537.4352867630406,-443.26929910492015,352.9334768113198,-207539544.3941821
-409.8339228626372,-412.48220055350936,183.76922484262076,-100596370.91468091
-455.6777292528639,-605.7506946599034,203.63929820105932,-209487718.7014013
-482.2649226778312,-599.1412633529491,282.7173324802561,-238873004.85568407
-503.83565921862,-555.0874507278638,61.18528803093893,-170774798.4244699
-402.9274010920215,-205.52207920818577,160.4178076149003,-43063291.18164332
-572.7385115492126,-167.4665000928665,272.5939655489373,-105481303.63888726
-411.55682735310745,-264.840700279306,228.31409470364605,-67538459.4681712
-618.342767976301,-115.70091067414285,218.8118710154958,-91939802.37926084
-549.8319504771888,-269.0145103460857,193.7859162409049,-98375105.10944048
-469.6343620925924,-287.35086125839524,214.18161208049548,-86017084.88428551
-521.5333225282324,-257.8500456762172,119.64975542751748,-67219376.71774158
-421.97731372414233,-275.8115666837153,389.76223342028686,-101503621.71483864
-506.44295431888526,-108.15754683740516,96.34862946100333,-30636324.351932555
-482.7316338050219,33.05027306703568,203.5033247574968,-47949642.98787563
-551.3305947957153,-14.702722353895544,225.4408169684964,-68645394.74441133
-605.773290998536,31.842256767469408,204.1712196433538,-75537143.49625714
-430.4655335430901,17.330005453365747,241.0564587540564,-44797181.88029709
-453.602106883697,105.69367235617364,172.20018799705971,-40498285.806002416
-440.9748382337491,64.06231355367609,194.86610034287048,-39703181.49330754
-437.4789985031882,19.07546684823369,318.0909664288112,-61037940.89522757
-569.0934944802335,194.63571832682135,185.74168139380987,-81714681.06921187
-582.4241765968766,138.70616155012382,362.6430973969596,-134220528.95701993
-556.3431323694828,298.9083039302046,262.0130231684601,-130804793.77380316
-449.1561580914173,322.7969206536753,350.1550911869633,-117441834.13291109
-417.7704879136824,321.6847039467612,284.5178821716087,-92888854.58226374
-564.5610039555858,198.51464649544877,286.3405172562259,-113513319.83242896
-505.2006451587745,353.5553517487949,270.5806146659907,-132210446.90694912
-523.9107085329014,215.70439201715573,155.78701462089532,-67137517.34730509
-531.9824282628623,442.4088451593898,194.20602894519837,-159083908.94706532
-601.9822170625926,541.402693185134,358.4018194577606,-306329726.3813924
-552.8243352247605,488.3502690871417,237.24855852373616,-204347514.14041385
-515.8327109426269,453.5982434286631,305.0324251786874,-187297345.6242745
-530.4210288899043,328.8295069028357,257.28609447073427,-129740346.97804092
-504.6441703346159,299.7003898462863,260.88023050513897,-111764559.41677818
-559.9281058318295,446.0004328031546,215.46919429747348,-178932665.82866538
-469.215602035664,589.972985281521,279.44245764594984,-224841962.4175445
-321.7967174919536,-496.824788440067,108.8657305401984,-90704037.95831724
-373.09357138437394,-488.2503660019765,248.49686052700588,-123531655.09404127
-283.64578758857886,-597.3805394423922,286.01109721183053,-124233834.6072106
-282.1887885060618,-595.5534597641132,259.1910668599665,-120727344.23643738
-172.58368402521592,-545.8501898673189,277.568244484492,-59689133.69293056
-198.5840222928252,-515.270135448795,323.156696140915,-65468598.50830709
-226.29517612027232,-434.9860823205645,238.08343746676013,-55010099.967177846
-302.01255749563467,-510.5018058107392,379.9134324586011,-113360631.26590855
-169.6514351196975,-149.61236366043406,216.3649174056444,-10024784.366220595
-308.8247103404108,-283.02462982211085,209.2980145551379,-44699084.65243606
-192.9874634287905,-165.82361972354585,202.33266662043903,-12842377.987245783
-250.04234075247143,-246.94852745457936,207.60681675497264,-28228297.41612461
-312.5451802375186,-245.0318890623439,118.62857251243445,-30353579.978936337
-285.30510769583293,-196.18563692802883,188.2296727821895,-26302760.416965865
-193.92118374709776,-169.75007555189595,172.9669886834027,-12092353.310685748
-264.2312084410489,-208.5438254075311,260.72852345694463,-29695132.89686756
-286.5920829358129,-92.31596984578567,242.1092546386859,-22328055.03279336
-220.8477430290004,70.08624331837443,211.68139222752413,-11409312.214087391
-228.8355318754132,-57.094538572402655,335.8880283312721,-18334966.91443041
-175.79182753953174,-11.47712166955127,119.49440053808704,-3715863.58210836
-217.4942456410859,-20.833129359125497,191.37102453195928,-9146963.274053538
-302.9560724877721,-57.27381108933202,178.5028564526866,-17377200.97801627
-180.60473131426664,66.0994777146446,203.35561732367557,-7422155.101255311
-248.6797921050456,87.49713647679091,158.38865809433435,-11698844.218085753
-327.12877218661305,112.24843206462282,328.4780567918344,-39273226.84335592
-268.23077640928767,72.08274492142884,318.11507121023885,-24281369.67178258
-312.298275735129,257.5512160369935,336.46173015392,-53530749.742315866
-153.05124092554078,302.1384118378097,112.55805193921812,-16608320.039266665
-355.4721152007235,187.89966771059864,232.2892298790272,-41902565.59553049
-252.7425335148439,237.49091299612903,152.29067641327168,-23983311.533191543
-258.0927122167597,214.5268830177453,259.4245887878759,-29158638.16714639
-127.99168028881058,215.2478877661416,142.90014806853975,-8271037.790147769
-207.51159306291007,582.7863178645457,354.0595742663073,-85725396.05912393
-182.26008463250247,566.7921872482282,223.3887956248712,-65972362.93691017
-232.99427079737583,434.131549034503,120.64543018845804,-50461874.96621251
-195.73083784842308,462.8706337506453,396.9605042982883,-57142959.65113017
-249.87364055318065,455.6657249522368,214.59733779510395,-65280355.89182317
-312.6807452952588,543.7444558916036,317.1934984087311,-123458344.22203776
-281.27846821701667,353.24737868364525,154.49361995855284,-47322131.82349885
-191.5834815245296,577.666448917457,240.16179051270475,-72746079.1114849
-26.997057164471045,-457.6389735138856,178.9518279038681,-5784513.729146677
-56.467547330795554,-449.351080602155,386.73300728564993,-12634854.14656414
-35.85290631127984,-395.8762652799976,295.27228116491307,-5998348.524820166
142.31351518067046,-418.4849953025288,154.66228788091226,21790925.59477386
-18.426554943570405,-556.1544953912,228.31054385349464,-5776997.624392861
-15.08979485240572,-594.7380776699241,272.3680567066459,-5399481.106898211
-12.598900828098074,-545.9971947429547,298.8315695757892,-3803329.679687222
55.25683235233191,-706.6883005428025,252.58246401721647,26824509.1984782
-26.329649043458165,-281.1885127132413,228.32959896287028,-2240095.457854742
23.768176600829843,-232.6853773611413,259.3302777595663,1140365.6954061585
-4.080459660455564,-273.2370053491154,96.98991399019395,-306255.71834883577
85.98765014456114,-265.021691346459,220.2606913931973,4410891.0680434
103.9488458137856,-244.9381940356998,207.04368233664675,3999199.7583451215
-61.12866985242165,-232.9537165973801,334.49288224791286,-4567200.41926679
-26.915323771738365,-186.42109324937937,254.9968666308633,-1120112.1078625808
55.1843992992693,-161.61016011919753,279.63090934531584,589732.5255105422
-57.10080736696487,42.4864707164616,363.4714731751298,-1288172.2638512903
43.04679324980445,-6.592100797324927,181.3090955278292,-334099.903364341
90.50041199756372,-22.06596426916889,245.350919771948,-1965438.377730962
4.062024339313817,-14.646336193915651,291.37877289496635,-3936.3613654258666
228.75863077677192,15.530497101260842,283.26485184842306,-14768218.744417615
-15.40440021776997,-5.083636426817244,184.3197024490914,-44136.31345287467
-4.269256433196167,53.7863799371175,167.41482675957764,-15402.238898890157
3.65600178571042,53.94728180166455,188.62018530986927,8118.927481655622
-64.40287082073107,244.7594043058488,113.73661004933032,-4329942.166865896
-142.71927643249208,264.85988577272826,329.0329940229448,-16713870.200938314
-35.87184489459002,252.2493890080428,209.5890714104434,-2552213.5641473862
-5.334640301785075,266.90677976371154,158.6370619803328,-384550.2939746128
-11.300349957495138,309.1678816251714,159.60617319591228,-1100522.8805012384
-154.06641944304343,215.77443886442293,295.30230526284174,-14182549.920375863
-50.09598525042357,176.93792165865972,199.72193826438075,-2069580.228121071
-70.91960996656287,190.94076904793295,334.33771874581856,-4267196.020878166
1.0462184819763458,646.1569711471088,329.71129170946705,436454.9411891394
69.98525445695331,551.1567170850943,414.146151399474,19231220.224831097
-29.01100001298134,574.4363566770329,304.7125622670727,-9829424.139026407
2.9632500517604834,417.3995727409349,164.8266383276928,514817.1919634249
69.56752450981739,436.809113490861,295.8769904751693,11841698.544227775
-4.073336231871357,445.640622195794,195.15031054569675,-812184.4438272557
26.440246599535417,332.8886044822245,203.5691029522305,2787658.795954796
34.431947035107086,481.8212623487698,223.9695920931639,7727906.839801826
321.3419625038953,-589.7555602338678,250.1221245694454,85938693.85797098
205.935577942065,-607.5822346994826,249.06982050166164,65459472.44652742
324.20952530996544,-394.0067789987128,328.56763727170454,15794380.607155638
275.54128648556946,-548.8279748721015,288.2250898855792,61113468.40374143
362.50762271049496,-459.0770327994456,240.9715744172844,44732603.11372981
117.51039337421238,-627.7051217486003,256.5534575040149,42758039.29215538
175.19702698494106,-584.0238215945838,300.539545646499,50532111.602452114
166.21704766198792,-398.8230690068895,322.2611797523226,17534990.77554016
269.7517469773785,-312.0121497633813,289.5656042047653,5190226.946115689
265.7842127367289,-200.5949240052313,200.5292875554188,-3470927.9754100405
267.57521216941217,-373.25398558102114,251.60505540833063,19264147.401445337
271.7715214030807,-354.8418968253396,198.28191314660063,19574451.005194
294.9016806937316,-303.8229570030149,205.5725906207137,9343867.316944951
177.98791534154657,-234.57874257678176,125.44665841555816,5820061.903035975
446.7602133049402,-289.8143119215359,230.70210616254744,-8522481.260660289
177.15799929565026,-209.19543230869945,292.288955347638,-1420558.7120036515
317.07688209566635,-3.7169659435568367,297.564296495149,-29912063.9559709
172.62771796316653,47.12472511391592,148.1184143703102,-4030616.2179563744
236.90018956058347,-101.30921573986232,330.63528553577686,-16124375.547384338
211.22427005036997,-8.365665359607613,120.8302226696496,-5376141.68177075
231.15680318550577,-66.1441464711666,319.59128694173324,-16065548.548372434
165.5449556420435,61.44128918853789,294.03813833680016,-7433216.543816595
292.9421331398086,-44.023732217912944,168.27596492514107,-13872869.716384178
263.0098991841783,0.5052637920872975,329.7948840863955,-22813232.39449024
195.16073356322096,283.4433786198521,295.5502830493199,4422408.306897499
192.99518108134296,158.78633648543146,271.07355039704146,-5230707.583819266
204.4765891388803,232.4469564889377,275.12457842011827,-454949.7744817557
182.0577351032845,287.9481255188412,307.53892107745264,4901774.066145592
188.09102267560155,318.88453133444654,249.68005131108893,10293237.474234486
176.38677924898866,300.76580278473045,167.94938840370494,10730668.94857976
322.7859324117127,227.5654274949389,251.8373259496629,-9523322.028923323
226.03445081827311,225.70797718067303,283.42231594657386,-2965372.2048711763
285.07357130156026,435.35585251547457,328.5890516803633,27327912.003624413
224.18543526881453,534.7199192995158,294.2871524322992,49309698.2505116
257.9098892148396,397.90741189189,322.71531052109844,19368733.129219554
375.7203521992533,530.2091347453759,306.26691643442706,62388745.0048409
222.1223802888846,487.201775135368,283.3357886575111,38744884.525354855
215.1769912821269,584.6452477173211,357.37714661519163,57002693.09069341
222.90401183735204,559.0068003382248,321.57301220747365,53677222.658804886
287.675460676382,605.8794370455611,216.89806994724796,87652883.28563094
551.5703781364297,-516.9690662766516,205.8639399002084,84781090.90123549
493.7735533316814,-406.3442101587849,379.6923215232785,-11043941.608845612
584.1167797453529,-525.7406455118605,377.26907377973225,32730417.07893882
490.1624933813738,-527.8219936360498,287.0975578590815,67579488.30266303
525.5418337234147,-525.745476221566,179.62591497339733,95652488.61610536
502.8684261887967,-651.3451445297317,251.913227179447,149639205.78908545
389.8202833773667,-465.8068724469811,89.86522701947281,70925755.6409953
534.9590093956457,-588.1328000785618,155.61375266644245,140508701.90234956
485.0967354134549,-205.55092542917225,254.44592997433065,-39380010.88226934
425.508425087309,-269.4260990639814,205.9196576763144,-6395445.474031333
369.0752595002506,-208.6480555794432,235.71747393798637,-16041293.82276144
397.1626853091816,-322.87362393163045,285.6816197353102,-3659735.7996087135
487.0941119741484,-246.64648933834363,180.41280186677912,-13172740.78028002
444.6657262096179,-241.55809921006448,188.28907705965088,-11283563.520726657
709.8068209180154,-236.544677604064,127.866789223632,-24706483.44138064
450.5846602893653,-215.66855992070853,289.02799096374326,-37722340.11073199
373.8910826464432,-50.77409985324383,193.1181920092289,-26032974.45968885
453.4075848914966,-48.93825069686522,241.05546563235345,-48469916.51131727
540.9691260145141,103.59628472595482,237.75432828377987,-63772448.90777436
434.02144470161335,-56.40584651466335,278.21614631444373,-51027968.14321245
432.9314265829258,78.10496310502528,312.0330107676947,-55843180.13707948
345.73601610361607,-40.87348259293151,195.25300985904,-22761653.72728667
516.8868976480059,151.83988373571307,269.1089157171122,-59981376.263063245
490.99840355254713,16.85633321100979,271.22169182352576,-65246461.16875267
625.8021207801581,119.33234785176332,288.11829557988284,-103923723.54452944
475.872145287376,248.1977651635057,258.72864858626457,-29275476.61087682
505.12869948104753,296.8164823583343,244.4399868422752,-17868234.855939962
545.0859224086528,272.5328656609188,334.62989339964594,-58938985.85501064
335.5487703995043,289.12603083729744,315.3523571557745,-7456643.275557343
421.64944078200176,251.89389015058632,271.41149448945225,-21499893.571645312
540.1514780528164,165.306500518686,418.862823155113,-107448624.79084188
648.4214998549609,311.6480936448122,154.3836672689733,-1933044.9328086807
488.8777174684123,634.0195467656491,306.7545079543983,123204685.1375684
517.2331213396509,461.71560320690935,277.56035283352577,36008678.88248005
406.7198793305557,532.8793324111507,337.8538834120906,59604185.05469397
522.4336233239587,537.2815203914097,319.4826597978791,63613058.47044907
514.3540109280935,579.5783212162884,174.45884425668848,126622345.60902184
564.7468167797108,628.4904492998909,236.45174083453463,147661456.87775022
722.1839888382982,549.2150589962416,316.4289547815265,52804111.83868747
402.1228394717865,418.0970960633851,367.3569852355648,10890511.061431551
-397.6186874733749,-486.3274118722363,550.3964060280318,-181060539.38510716
-566.2208845170435,-591.0244469127219,608.657249139235,-392925779.5323733
-666.5348596657523,-564.6317415550805,502.959735751929,-435946591.9676263
-428.84533700395326,-604.6738718760747,498.6722455118749,-248508907.6667278
-392.5035198953639,-456.2531737608932,524.4214894847725,-162498121.11126116
-537.4365093761755,-478.8153752024488,479.384675784618,-261679443.56254512
-492.3801857930524,-605.0093380361484,484.7356819920817,-297747490.17785954
-451.8683677763784,-480.71983838836,417.6560602288842,-189702079.13644397
-556.2529596910778,-255.56862454037065,445.0819475186074,-174047920.10971332
-513.0379862227733,-373.3520125970074,763.5605408331404,-272488474.06625503
-402.59529076298287,-156.12145632693824,560.0525346964452,-100587798.1550645
-422.39722176239286,-253.45306818163053,428.6315400569034,-103610333.70104408
-382.91148498036034,-361.16785598916266,686.0613239008428,-150538962.45789737
-499.7175028478618,-99.81626455338396,510.1727762630882,-132377941.11236824
-594.4450333807207,-294.6518025743063,594.1275230707251,-261553341.73755488
-372.6755413844344,-259.2518546780262,546.8292656010641,-100995599.7068046
-444.7288526185212,-65.3082619101429,555.9527979269019,-111855274.2167005
-404.9733791739196,-44.92891379465751,466.4493253723994,-77316775.13559572
-527.7859245447968,52.9823092534298,394.6476744134352,-111413820.81838952
-558.7813899543239,-135.37035613666802,434.3810826289862,-145869433.89404598
-545.1888697858591,53.87115277400508,479.9842299733769,-144248339.62769958
-377.6489513757112,-96.54175166558277,396.1867128598736,-60023451.24374033
-488.3593057434784,34.48852301533635,358.62301529878897,-86110611.43161172
-452.9331737018732,74.80239160451974,540.8622844510385,-113491406.00613812
-383.01300709574247,385.51263380907,601.5633627035025,-145172111.45775902
-413.11272077763385,240.65737982461,467.9361107906998,-103784794.51317316
-486.63799135310336,232.43535549805748,542.3357688261248,-154725276.15162802
-530.8081614069146,274.61393317876656,437.0008537807492,-163157918.74068296
-544.9495724583231,245.8286584377464,490.9370306484745,-178725832.98376474
-644.8445942413185,156.7304311804683,373.88473094677033,-171310688.94734734
-541.3486047146149,369.5384139409809,469.8281081100556,-211612861.20637637
-474.7214104125204,155.88033002414917,579.7265249565618,-142182514.11285087
-597.2071613359501,393.28954224153216,428.83696831275546,-245321458.02039665
-421.5234092585732,503.86545616818825,445.26483538760937,-186132070.50013703
-426.74125826621184,435.1890304878768,369.4408216674867,-148098476.88359937
-535.4712333020831,524.1290319085396,491.580398841857,-288050540.9221396
-563.4071021014415,587.8722988561973,359.3360670023536,-308773195.6372279
-456.0274332349368,486.7951646690239,438.87872012044505,-199334273.83894324
-471.1343085285817,433.2324808762587,426.7550259861104,-183153140.44943017
-599.0448056493552,378.02897065355046,576.2251965528537,-292388146.6708853
-263.1802323182636,-479.3713593537212,496.203583280806,-94846964.53031167
-223.40375279310496,-390.81073690305584,524.8136645799871,-60314181.93398957
-197.48213571226992,-492.1954484111923,541.0431716638365,-68941550.78088017
-386.9304565257162,-487.30070248011145,468.2133857281812,-161979920.7253934
-168.2410654008361,-478.53150425332217,434.1629851401258,-50814933.05282975
-188.7259493729999,-503.7021367667826,477.2889626034242,-64882595.211467
-184.787133659796,-440.42723952303993,515.6638404089554,-53452301.70770784
-207.41280760353172,-497.25122947911706,555.1929835685207,-75169081.4048742
-345.1432062628026,-334.5896526970011,452.1373481544584,-92499197.19719777
-246.6280711106072,-255.3047241810871,566.4911828601463,-50532397.38389389
-296.6251081097958,-118.2895324992343,679.765124142508,-63960624.429770775
-272.7986600079122,-433.0609141439933,484.0663700748825,-87184927.39806995
-241.82092424223995,-226.1160313096174,362.76706493419937,-33577591.42499705
-178.68158139391514,-238.27686414034343,648.5435376001786,-30850920.407891706
-266.73561182277723,-170.64994807260686,620.8931361399761,-51942950.160177104
-245.69801839248703,-131.7443722561186,488.48539643829525,-33753127.3670604
-223.1893096911072,4.083589922092221,489.0534461144756,-24365170.097528048
-269.01102847674724,2.655737832567066,363.1414398173724,-26281329.7510193
-332.9201171697826,10.758107020939867,526.3011861512373,-58371546.45217205
-212.41656806826805,12.323935250843968,630.7658514644501,-28492920.495693605
-257.28086805242344,-84.79221292450435,496.9700219113293,-34745935.038168915
-268.9577585725766,-85.9146259297492,486.2972414626884,-37163168.013822936
-137.41517970969585,3.0647863516942357,605.9328038522036,-11443078.381483989
-297.10640420011333,-15.808432261030374,429.2475862605602,-37964884.20405589
-356.12050580846903,138.59080014250264,422.223059473432,-60387247.14663912
-344.9868750687586,264.64910112921723,484.3563856570185,-81808718.75907125
-237.99909656426277,212.3069808601735,502.106177658178,-39168718.15584445
-177.49636126407415,359.0732758274753,541.498269853713,-39945128.34760295
-196.6140371070628,213.64751921883263,560.1446465359969,-30628055.53124001
-243.647961847738,267.7413782204829,389.8959377129125,-40611923.582501285
-214.82703151454209,264.33812412119715,442.3093423080166,-35423827.528611355
-198.27776969616377,432.6797240218064,589.1070242768101,-60280124.04611358
-276.5330819098238,455.833789433565,441.3696827610584,-91211052.95155892
-171.15608469185315,440.1635327817198,705.5993551403508,-53830566.99167735
-260.5902976372112,424.13756654231935,562.5394241662307,-85078821.16707979
-154.85659670544757,389.7533505268212,478.3545162680172,-34995117.32666562
-359.54460439187835,490.2693694584205,384.318254311636,-136103312.30231565
-248.6478139632676,482.75463754692464,460.6524853004432,-86428058.93079561
-364.0983247333773,477.3836230286823,605.1052812864647,-163193581.55067423
-257.4458700361209,470.0987163709904,487.99660471247057,-89237306.885175
-33.9495131079418,-609.8418801944924,419.7283068615495,-13109831.618663115
-81.59483886058337,-493.5199308784134,405.9676684913546,-22576213.96729265
49.67237467353748,-500.8882711327794,529.9870215782195,11154594.672341596
-0.8256435906130325,-410.68107765856575,375.458198186628,-139508.0698068294
56.1360007072462,-487.6783625845076,538.3753420194597,11654279.820732404
8.996346300846433,-421.1959525114889,507.7863591767344,1554908.7788991276
98.25472182012192,-336.9732064105732,440.93445843090745,6900139.203240763
67.67783773175505,-500.6497200716288,538.5284307946063,14496843.491014116
-74.40451299137122,-143.90649086317498,555.9260654293115,-4618473.12839316
18.060323561205006,-169.2836126264705,416.5234993410802,381694.07005204
54.07597576085756,-258.5422150297689,679.0693427893113,1628916.5087879077
85.6275479570193,-298.312139762966,445.4506463057148,4353928.343238438
53.35430532702361,-300.5503084575267,367.2761380408692,3774002.172896041
-125.033144336522,-301.9724674347787,464.85855194425415,-18668710.95441211
47.88862706552933,-274.8134592428316,489.26447530624887,2494625.517694429
23.60735358219541,-265.67572926051355,516.7696168980204,1378292.4969254588
-17.580616387199747,-24.487249612890515,483.4016752263617,-159950.6305712832
-58.94245130472133,-114.62960450405627,419.30935560266266,-2231270.5653675525
-123.3198075877376,-3.802232825607499,527.5904911866963,-8025260.278259933
-57.16386463784197,12.632256544749978,572.2545325073459,-1879082.215968348
-5.061198629800499,-50.47805422011954,359.2448727668301,-22098.473764427155
25.245326340861595,-35.55795593410592,499.80839284326936,-286621.74714958813
55.67793128776708,-169.74057714106198,761.9033143259755,-757739.7438652593
-14.03045718670426,-104.46576573131856,518.397557471596,-255164.2901401097
-133.96097417467897,233.9347901428285,558.2656107625818,-17349458.656825922
-61.88589890032977,215.13762750843136,537.8793385627604,-4924344.276235425
147.72225332240637,307.3918191096191,592.0955871419327,1037606.5284232028
-35.34744149058569,372.7719288865935,393.79586619131794,-5403866.933747279
-116.18453198126524,237.81117497756355,503.3716487570839,-13365654.047342071
-67.30642848828842,293.6966896330747,429.3561482068021,-7750750.74074874
-7.439933677728677,189.4875650823305,332.1710051791686,-285521.3647858225
-108.04748421872004,236.61678495089583,488.7840439532636,-11755500.263062203
60.33728225212175,539.2549318600693,435.1450664496692,15961649.528464451
-9.553242926214232,538.0425059796112,612.3902684998967,-2821455.210403082
15.548894647460386,329.58167025713385,479.1592097800744,1573138.998425963
22.092405086377003,391.9228860833553,385.9706228739937,3205089.477152593
17.562671222409055,464.276552409917,415.3931962596207,3657554.548089062
-29.58453552508643,488.7932483506354,546.8849057814831,-7546961.099692734
-34.79731619789493,295.98505296625467,564.5343047081233,-3732061.9401889713
-31.075679109375336,498.1491370168473,642.2270265671461,-8331706.65903976
311.50264130799854,-516.5036121196113,463.6199079212507,38114577.09650122
314.77801326149205,-410.70178160020623,411.23092030552976,12348584.557828274
176.61455688101404,-421.02619855111794,576.3736343872067,13328585.87474198
189.7780763048036,-543.2166191935394,397.6573985618224,41678613.18112931
286.83857348736643,-419.9232090148846,370.6087815155721,20087479.47066034
226.92764103858903,-614.9846530094941,514.6531267842598,59322766.56214525
275.9296349477064,-536.0961948716384,500.15214589838007,41221771.43611622
225.20345851840165,-433.1660200368344,590.1444399203646,12325437.5678958
272.1172055454117,-322.55467882269204,510.1139141000734,-9461311.568923188
255.2837525509763,-192.71524466375104,487.9885569691953,-22321088.28988425
300.3383913624722,-231.89535530047183,593.14919641177,-37353091.685059845
203.86007259588013,-270.5124071079646,420.23890541215496,-2546818.127797623
258.2985343971542,-362.1128347891824,440.74366027845167,4463983.436728335
298.199593500573,-235.94949083043448,540.330767069452,-31446415.36057804
229.57522343560584,-279.5735326238987,385.8114089608044,-2390194.899876456
158.97542503140747,-215.2286359319336,532.3163435239154,-6089053.111321897
192.42249195672363,19.70241902359213,423.2329563243014,-15596103.629809445
263.91309152825085,184.28235976135184,455.24310742190295,-22745251.57410788
204.3292207602983,72.26569784452415,528.573292085352,-21001087.685873467
243.7957202316674,71.8215279511081,431.2465455499737,-24374142.780355018
237.5713732349532,-64.5289708313502,544.009542039127,-29714739.77228664
351.37982079922085,1.6005827904488148,379.14008774499706,-46810684.15038298
297.7815909374782,26.17487594678419,496.1428560869427,-43790892.69242925
245.35847938418348,-17.8902194647354,575.7730728119225,-34583460.60920204
190.0708430573066,244.40616064736065,493.6320110077538,-6479644.502865662
270.12647687256987,164.9918999696719,448.9430754783563,-25405147.767601103
195.0986274685264,288.6273013110389,483.5252593845187,-2151819.862395568
227.8786939263084,303.53519696482675,642.5753125073026,-12372812.004013602
263.8681423452318,228.408188845184,459.5356961315474,-18229734.25767247
298.2798728379328,290.9332271270422,612.7995284057405,-29274267.358780246
212.46716426623573,181.0245613782911,525.5182621706576,-16760574.912839564
283.7822107415809,362.89674402454864,473.48143886141776,-758141.918869004
294.7805886150183,514.3399289300831,541.1141723622391,30962458.455056645
279.18345773503063,449.9826679360637,553.0633169976367,13422658.3870087
133.39958308380412,636.9863760613284,487.8276167979732,45445988.666016586
320.32730648424035,471.05972977254726,515.6960628668159,18164396.302349683
253.7354851582744,662.9829913948312,597.876610876746,73036220.39686316
218.44516990554328,389.616545046315,438.1602478786106,12251947.93172027
285.8262335054206,569.6182880132441,562.4298635737333,46791979.54839353
318.87576983751114,351.5197946075158,439.1267293035569,-5248920.908949801
483.70490845147873,-375.300698798592,497.7096782576039,-48319218.09443365
550.0499205083204,-375.3796470111228,421.3476499049403,-49973334.44143422
557.301719590652,-476.8996341694851,542.4471608268105,-41727116.04972202
455.9545202082242,-638.3872339564542,577.5472976450733,65749991.24052874
575.9129436929328,-572.359851286926,367.2120784382457,66871331.11122301
542.7095532957306,-389.7237770492095,574.744092441435,-86852245.04390125
535.026197891182,-491.1865488048808,610.4883846866253,-45671470.00900271
507.7512437944231,-415.09465274559767,375.1675097026687,-9235080.615517937
548.3696627252443,-337.6929703808775,348.2716168243717,-42194329.35367593
363.90745898977,-263.8842467767332,394.8327314648947,-26946503.15476218
501.1738986132265,-277.7999761728585,517.3961854094916,-91280123.50628148
554.055965278101,-336.0629286304203,410.44690239038647,-63424039.975417286
457.1355146179464,-336.6090499716477,447.820943555782,-41786393.9209682
612.7352681319874,-170.24870821814105,563.727144000359,-193888360.1817242
499.1562830810218,-266.5750244414451,718.9103342646831,-143650373.17057577
486.9780184081045,-283.26746600553423,527.997925970648,-86138096.96615498
490.5325069162696,35.90534220484139,471.60127696236896,-112845317.28013386
553.6016663874601,66.48496907621046,492.7425951483552,-148566132.38884243
527.153829846928,-44.678594279837775,543.3666545661541,-149944497.93448532
431.092055980354,46.00422015176723,589.9287967013997,-108720222.27667044
463.41853568519065,92.06540435173024,590.5703714293691,-122901013.82891582
511.1755296559315,29.27870023259664,514.1268163153487,-133903352.86504878
397.7992879460604,21.814154756792856,425.43569830003247,-67133467.32411881
547.2466487577543,-38.20616642603186,501.0363916297385,-149251002.65602702
411.9470198567956,195.3663596158829,431.8871422490295,-57568198.18793584
537.07123901742,311.86020270385467,464.1900055903562,-81659703.01613739
443.28821208906777,144.43951876403133,606.2901984714562,-109890493.29504512
465.5960764111423,198.9732826736951,644.4097103759769,-121261828.08849688
436.95629996738944,185.05685431843844,482.4463853371648,-77149855.6018307
578.9384167585888,212.27667636203088,517.5095315204793,-147365741.20045397
451.04797499730654,213.83947958762707,518.8992336237884,-84941862.21706216
457.05600972237227,316.46227779425794,524.2479996850054,-63742093.96195806
603.754305315752,482.3421125162034,412.7437027136448,-9987227.601306204
359.8472559436421,362.67516500239606,425.52491068276464,-7769352.745152082
472.7332780456488,554.3268681527908,575.4904498854668,16651930.341042012
574.0674666412772,472.38782798161,472.8798776231125,-27735893.69344967
466.6010835611251,532.8303291870951,402.1158981948311,44924560.366432495
480.0380234608803,525.8420016869746,539.7733975510453,8351728.285748479
501.192714448595,563.0185572256411,566.2050950243707,16645626.05982706
462.9558358619619,657.3181358107778,398.47248752359786,114624146.60017186
